<?xml version="1.0" encoding="UTF-8"?>
<character location.name="table" location.x="275" location.y="850" posZ="0" rotate="0" roll="345">
  <data name="character">
    <data name="image">
      <data type="image" name="imageIdentifier">c741bb258764a927e3343ea9081aa528d04f206f731174f67efb4430e6c15d66</data>
    </data>
    <data name="common">
      <data name="name">アドラン</data>
      <data name="size">1</data>
    </data>
    <data name="detail">
      <data name="基本">
        <data name="種族" type="">エルフ</data>
        <data name="クラス">ウィザード</data>
        <data name="レベル">3</data>
        <data name="習熟ボーナス">2</data>
        <data name="属性">カオティックグッド</data>
        <data name="背景">侍祭（じさい）</data>
        <data name="プレイヤー">宇治橋</data>
      </data>
      <data name="能力値">
        <data name="【筋力】">10</data>
        <data name="【敏捷力】">15</data>
        <data name="【耐久力】">14</data>
        <data name="【知力】">16</data>
        <data name="【判断力】">12</data>
        <data name="【魅力】">8</data>
      </data>
      <data name="セーヴィング・スロー">
        <data name="【筋】セーヴ">0</data>
        <data name="【敏】セーヴ">+2</data>
        <data name="【耐】セーヴ">+2</data>
        <data name="【知】セーヴ">+5</data>
        <data name="【判】セーヴ">+3</data>
        <data name="【魅】セーヴ">-1</data>
      </data>
      <data name="抵抗／脆弱性／耐性">
        <data name="タグ"></data>
        <data name="タグ"></data>
      </data>
      <data name="技能">
        <data name="〈威圧〉【魅力】">-1</data>
        <data name="〈医術〉【判断力】">+1</data>
        <data name="〈運動〉【筋力】">0</data>
        <data name="〈隠密〉【敏捷力】">+2</data>
        <data name="〈軽業〉【敏捷力】">+2</data>
        <data name="〈看破〉【判断力】">+3</data>
        <data name="〈芸能〉【魅力】">-1</data>
        <data name="〈自然〉【知力】">+3</data>
        <data name="〈宗教〉【知力】">+5</data>
        <data name="〈生存〉【判断力】">+1</data>
        <data name="〈説得〉【魅力】">-1</data>
        <data name="〈捜査〉【知力】">+3</data>
        <data name="〈知覚〉【判断力】">+3</data>
        <data name="〈動物使い〉【判断力】">+1
          <data name="タグ"></data>
        </data>
        <data name="〈ペテン〉【魅力】">-1</data>
        <data name="〈魔法学〉【知力】">+5</data>
        <data name="〈歴史〉【知力】★">+3</data>
      </data>
      <data name="行動">
        <data name="イニシアチブ">7</data>
        <data name="受動〈知覚〉">14</data>
        <data name="AC">15</data>
        <data name="装備"></data>
        <data name="移動速度">30’</data>
        <data name="ヒット・ポイント" type="numberResource" currentValue="9">10</data>
        <data name="一時的ヒットポイント" type="numberResource" currentValue="0">0</data>
        <data name="ヒット・ダイス">1d8</data>
        <data name="ヒット・ダイス数" type="numberResource" currentValue="1">1</data>
        <data name="感覚">受動〈知覚〉</data>
        <data name="言語" type="note">共通語・始原語
エルフ語・天上語</data>
        <data name="習熟" type="note">軽装鎧/中装鎧/重装鎧/盾
単純武器
</data>
      </data>
      <data name="アクション">
        <data name="戦闘時特徴" type="note">特徴内容</data>
        <data name="攻撃1">
          <data name="攻撃1">錫杖</data>
          <data name="攻撃1修正">+1</data>
          <data name="攻撃1ダメージ">1d6-1</data>
          <data name="攻撃1D種別">殴打</data>
          <data name="攻撃1追加効果"></data>
        </data>
        <data name="攻撃2">
          <data name="攻撃2">ライトクロスボウ</data>
          <data name="攻撃2修正">+4</data>
          <data name="攻撃2ダメージ">1d8+2</data>
          <data name="攻撃2D種別">刺突</data>
          <data name="攻撃2追加効果"></data>
        </data>
        <data name="防具">
          <data name="チェインシャツ">13 +2</data>
          <data name="シールド">+2</data>
        </data>
      </data>
      <data name="リアクション">
        <data name="名称" type="note">内容</data>
      </data>
      <data name="ボーナスアクション">
        <data name="名称" type="note">内容</data>
      </data>
      <data name="状態">
        <data name="状態1"></data>
        <data name="状態1終了"></data>
        <data name="状態2"></data>
        <data name="状態2終了"></data>
      </data>
      <data name="装備">
        <data name="装備" type="note"></data>
        <data name="PP">0</data>
        <data name="GP">0</data>
        <data name="EP">0</data>
        <data name="SP">0</data>
        <data name="CP">0</data>
      </data>
      <data name="身体的容姿">
        <data name="年齢">12</data>
        <data name="身長">152cm</data>
        <data name="体重">45kg</data>
        <data name="目">青</data>
        <data name="肌">白</data>
        <data name="髪">クリーム</data>
      </data>
      <data name="精神的特徴">
        <data name="人格的特徴" type="note">寺院で長いこと暮らしており、外の世界の人々とやっていくのには慣れていない</data>
        <data name="尊ぶもの" type="note">この身を粉にしようとも私は常に困っている人々を助けようと努める</data>
        <data name="関わり深いもの" type="note">自分が仕える寺院を守るためなら何でもする</data>
        <data name="弱味" type="note">一旦目標を定めるとそのことしか考えなくなり、人生における他のあらゆる事柄を置き捨ててしまう</data>
      </data>
    </data>
  </data>
  <chat-palette dicebot="DungeonsAndDoragons">▼能力値判定
1d20+(({【筋力】}-10)/2) {name}の【筋力】判定！
1d20+(({【敏捷力】}-10)/2) {name}の【敏捷力】判定！
1d20+(({【耐久力】}-10)/2) {name}の【耐久力】判定！
1d20+(({【知力】}-10)/2) {name}の【知力】判定！
1d20+(({【判断力】}-10)/2) {name}の【判断力】判定！
1d20+(({【魅力】}-10)/2) {name}の【魅力】判定！
▼技能判定
1d20+{〈威圧〉} {name}の〈威圧〉判定！
1d20+{〈医術〉} {name}の〈医術〉判定！
1d20+{〈運動〉} {name}の〈運動〉判定！
1d20+{〈隠密〉} {name}の〈隠密〉判定！
1d20+{〈軽業〉} {name}の〈軽業〉判定！
1d20+{〈看破〉} {name}の〈看破〉判定！
1d20+{〈芸能〉} {name}の〈芸能〉判定！
1d20+{〈自然〉} {name}の〈自然〉判定！
1d20+{〈宗教〉} {name}の〈宗教〉判定！
1d20+{〈生存〉} {name}の〈生存〉判定！
1d20+{〈説得〉} {name}の〈説得〉判定！
1d20+{〈捜査〉} {name}の〈捜査〉判定！
1d20+{〈知覚〉} {name}の〈知覚〉判定！
1d20+{〈手先の早業〉} {name}の〈手先の早業〉判定！
1d20+{〈動物使い〉} {name}の〈動物使い〉判定！
1d20+{〈ペテン〉} {name}の〈ペテン〉判定！
1d20+{〈魔法学〉} {name}の〈魔法学〉判定！
1d20+{〈歴史〉} {name}の〈歴史〉判定！
▼セーヴィング・スロー
1d20+{【筋】セーヴ} {name}の【筋力】セーヴィング・スロー！
1d20+{【敏】セーヴ} {name}の【敏捷力】セーヴィング・スロー！
1d20+{【耐】セーヴ} {name}の【耐久力】セーヴィング・スロー！
1d20+{【知】セーヴ} {name}の【知力】セーヴィング・スロー！
1d20+{【判】セーヴ} {name}の【判断力】セーヴィング・スロー！
1d20+{【魅】セーヴ} {name}の【魅力】セーヴィング・スロー！
1d20&gt;=10 {name}の死亡セーヴィング・スロー！
▼ヒットダイス
{ヒット・ダイス}+(({【耐久力】}-10)/2) {name}のヒット・ダイス・スロー！
▼戦闘
1d20+(({【敏捷力】}-10)/2)  {name}のイニシアチブ判定！
▼攻撃1
1d20+{攻撃1修正}　{name}の{攻撃1}攻撃！
{攻撃1ダメージ} {name}の{攻撃1}{攻撃1D種別}ダメージ！ {攻撃1追加効果}
▼攻撃2
1d20+{攻撃2修正}　{name}の{攻撃2}攻撃！
{攻撃2ダメージ} {name}の{攻撃2}{攻撃2D種別}ダメージ！ {攻撃2追加効果}
</chat-palette>
</character>